닉네임,이름,가입일,참석날짜1,참석날짜2,참석날짜3,참석횟수
바람,김철수,2024-01-15,2026-04-27,2026-04-20,2026-04-13,18
달빛,이영지,2024-02-03,2026-04-25,2026-04-18,2026-04-11,16
순풍,박준호,2024-01-22,2026-04-26,2026-04-19,2026-04-12,19
번개,최민준,2024-03-10,2026-04-27,2026-04-21,2026-04-14,12
별,정수현,2024-02-18,2026-04-24,2026-04-17,2026-04-10,14
해,조은정,2024-01-08,2026-04-25,2026-04-18,2026-04-11,21
달,윤지훈,2024-04-01,2026-04-20,2026-04-13,2026-04-06,8
구름,한수진,2024-02-25,2026-04-27,2026-04-20,2026-04-13,13
빛,이다은,2024-03-05,2026-04-26,2026-04-19,2026-04-12,11
신발,박성호,2024-01-30,2026-04-22,2026-04-15,2026-04-08,17
토끼,임혜원,2024-02-12,2026-04-27,2026-04-21,2026-04-14,15
매,김준영,2024-03-18,2026-04-23,2026-04-16,2026-04-09,10
노을,이은미,2024-01-20,2026-04-25,2026-04-18,2026-04-11,20
산,조성민,2024-02-08,2026-04-27,2026-04-20,2026-04-13,14
강,박미라,2024-03-22,2026-04-19,2026-04-12,2026-04-05,9
불,최준호,2024-01-25,2026-04-26,2026-04-19,2026-04-12,16
봄,정예진,2024-02-28,2026-04-27,2026-04-21,2026-04-14,12
여름,한동욱,2024-03-12,2026-04-21,2026-04-14,2026-04-07,11
가을,이지호,2024-01-18,2026-04-25,2026-04-18,2026-04-11,19
겨울,윤소영,2024-02-05,2026-04-27,2026-04-20,2026-04-13,13
달리기,박준영,2024-03-08,2026-04-24,2026-04-17,2026-04-10,10
속도,김영준,2024-01-28,2026-04-26,2026-04-19,2026-04-12,15
기쁨,정혜선,2024-02-20,2026-04-23,2026-04-16,2026-04-09,17
희망,이준석,2024-03-02,2026-04-27,2026-04-21,2026-04-14,9
자유,조윤정,2024-01-12,2026-04-25,2026-04-18,2026-04-11,18
에너지,박소희,2024-02-14,2026-04-22,2026-04-15,2026-04-08,14
웃음,한재호,2024-03-25,2026-04-27,2026-04-20,2026-04-13,8
도전,이보람,2024-02-01,2026-04-26,2026-04-19,2026-04-12,16
함께,윤석환,2024-03-15,2026-04-24,2026-04-17,2026-04-10,11
꿈,김나영,2024-01-05,2026-04-27,2026-04-20,2026-04-13,22
